Numeracion;Puesto Institucional ;Regimen laboral al que pertenece ;Numero de partida presupuestaria;Grado jerarquico o escala al que pertenece el puesto;Remuneracion mensual unificada;Remuneracion unificada - anual;Decimo Tercera Remuneracion;Decima Cuarta Remuneracion;Horas suplementarias y extraordinarias;Encargos y subrogaciones;Total ingresos adicionales;;;;;;;;;;
1;Analista de Bienes e inventarios;LOEP;51,05,10;SERVIDOR PÚBLICO 2/8;901;10,812.00;;;0;0;0;;;;;;;;;;
2;Analista de Contabilidad;LOEP;51,05,10;SERVIDOR PÚBLICO 4/10;1086;13,032.00;;;0;59;59;;;;;;;;;;
3;Director de Matriculación y RTV;LOEP;51,05,10;NJS1/1;2115;25,380.00;;;0;0;0;;;;;;;;;;
4;Digitador;LOEP;51,05,10;SERIDOR PÚBLICO DE APOYO 4/6;733;8,796.00;;;0;0;0;;;;;;;;;;
5;Agente Civil de tránsito 3;LOSEP.;51,01,05;SERVIDOR PÚBLICO 2/8;901;10,812.00;;;180,2;0;180,2;;;;;;;;;;
6;Asistende de Citaciones 2;LOEP;51,05,10;SERVIDOR PÚBLICO 2/8;901;10,812.00;;;0;0;0;;;;;;;;;;
7;Analista de Matriculación 1;LOEP;51,05,10;SERVIDOR PÚBLICO 1/7;817;9,804.00;;;0;0;0;;;;;;;;;;
8;Agente Civil de tránsito 1;LOSEP.;51,01,05;NIVEL 4;585;7,020.00;;;78;0;78;;;;;;;;;;
9;Agente Civil de tránsito 2;LOSEP.;51,01,05;SERVIDOR PÚBLICO 1/7;817;9,804.00;;;108,93;0;108,93;;;;;;;;;;
10;Auxiliar de Operaciones;Código de trabajo;51,01,06;NIVEL 1;460;5,520.00;;;122,67;0;122,67;;;;;;;;;;
11;Analista de Servicios Generales;LOEP;51,05,10;SERVIDOR PÚBLICO 4/10;1086;13,032.00;;;0;0;0;;;;;;;;;;
12;Director General Financiero (E);LOEP;51,05,10;SERVIDOR PÚBLICO 8 /14;1760;21,120.00;;;0;725,4;725,4;;;;;;;;;;
13;Agente Civil de tránsito 3;LOSEP.;51,01,05;SERVIDOR PÚBLICO 2/8;901;10,812.00;;;180,2;0;180,2;;;;;;;;;;
14;Tesorera;LOEP;51,05,10;SERVIDOR PÚBLICO 8 /14;1760;21,120.00;;;0;0;0;;;;;;;;;;
15;Supervisor Terminal Terrestre;Código de trabajo;51,01,06;NIVEL 1;525;6,300.00;;;140;0;140;;;;;;;;;;
16;Agente Civil de tránsito 3;LOSEP.;51,01,05;SERVIDOR PÚBLICO 2/8;901;10,812.00;;;180,2;0;180,2;;;;;;;;;;
17;Cajero Recaudador;LOEP;51,05,10;SERVIDOR PUBLICO DE SERVICIOS 1;527;6,324.00;;;61,48;0;61,48;;;;;;;;;;
18;Director de Transporte Terrestre;LOEP;51,05,10;NJS1/1;2115;25,380.00;;;0;0;0;;;;;;;;;;
19;Asistente de Fotoradar;LOEP;51,05,10;SERVIDOR PÚBLICO DE APOYO 2/4;622;7,464.00;;;0;0;0;;;;;;;;;;
20;Agente Civil de tránsito 1;LOSEP.;51,01,05;NIVEL 4;546;6552;;;0;0;0;;;;;;;;;;
21;Auxiliar de Operaciones;Código de trabajo;51,01,06;NIVEL 2;578;10,812.00;;;154,13;0;154,13;;;;;;;;;;
22;Agente Civil de tránsito 3;LOSEP.;51,01,05;SERVIDOR PÚBLICO 2/8;901;9,804.00;;;240,27;0;240,27;;;;;;;;;;
23;Agente Civil de tránsito 2;LOSEP.;51,01,05;SERVIDOR PÚBLICO 1/7;817;20,112.00;;;108,93;0;108,93;;;;;;;;;;
24;Agente Civil de tránsito 1;LOSEP.;51,01,05;NIVEL 4;546;6,300.00;;;0;0;0;;;;;;;;;;
25;Contador General;LOEP;51,05,10;SERIDOR PÚBLICO 7/13;1676;14,544.00;;;0;0;0;;;;;;;;;;
26;Operador de Monitoreo;Código de trabajo;51,01,06;NIVEL 1;525;9,804.00;;;140;0;140;;;;;;;;;;
27;Analista Jurídico 2;LOEP;51,05,10;SERVIDOR PÚBLICO 5/12;1212;7,020.00;;;0;0;0;;;;;;;;;;
28;Agente Civil de tránsito 2;LOSEP.;51,01,05;SERVIDOR PÚBLICO 1/7;817;13,032.00;;;0;0;0;;;;;;;;;;
29;Agente Civil de tránsito 1;LOSEP.;51,01,05;NIVEL 4;585;10,812.00;;;78;0;78;;;;;;;;;;
30;Director General de Asesoría Jurídica (E);LOEP;51,05,10;SERVIDOR PÚBLICO 4/10;1086;10,812.00;;;0;1359,9;1359,9;;;;;;;;;;
31;Agente Civil de tránsito 3;LOSEP.;51,01,05;SERVIDOR PÚBLICO 2/8;901;9,804.00;;;180,2;0;180,2;;;;;;;;;;
32;Agente Civil de tránsito 3;LOSEP.;51,01,05;SERVIDOR PÚBLICO 2/8;901;10,812.00;;;180,2;0;180,2;;;;;;;;;;
33;Agente Civil de tránsito 2;LOSEP.;51,01,05;SERVIDOR PÚBLICO 1/7;817;9,804.00;;;217,87;0;217,87;;;;;;;;;;
34;Agente Civil de tránsito 3;LOSEP.;51,01,05;SERVIDOR PÚBLICO 2/8;901;7,020.00;;;360,4;0;360,4;;;;;;;;;;
35;Agente Civil de tránsito 2;LOSEP.;51,01,05;SERVIDOR PÚBLICO 1/7;817;6,300.00;;;108,93;0;108,93;;;;;;;;;;
36;Agente Civil de tránsito 1;LOSEP.;51,01,05;NIVEL 4;585;10,812.00;;;78;0;78;;;;;;;;;;
37;Supervisor Terminal Terrestre;Código de trabajo;51,01,06;NIVEL 1;525;6,732.00;;;140;0;140;;;;;;;;;;
38;Agente Civil de tránsito 3;LOSEP.;51,01,05;SERVIDOR PÚBLICO 2/8;901;13,032.00;;;240,27;0;240,27;;;;;;;;;;
39;Auxiliar de Operaciones;Código de trabajo;51,05,10;NIVEL 1;561;9,804.00;;;149,6;0;149,6;;;;;;;;;;
40;Analista Administrativo de Operaciones;LOEP;51,05,10;SERVIDOR PÚBLICO 4/10;1086;9,804.00;;;0;0;0;;;;;;;;;;
41;Agente Civil de tránsito 2;LOSEP.;51,01,05;SERVIDOR PÚBLICO 1/7;817;10,812.00;;;108,93;0;108,93;;;;;;;;;;
42;Supervisor de Fiscalización;LOEP;51,05,10;SERVIDOR PÚBLICO 1/7;817;9804;;;0;0;0;;;;;;;;;;
43;Agente Civil de tránsito 3;LOSEP.;51,01,05;SERVIDOR PÚBLICO 2/8;901;10,812.00;;;0;0;0;;;;;;;;;;
44;Agente Civil de tránsito 3;LOSEP.;51,01,05;SERVIDOR PÚBLICO 2/8;901;13,032.00;;;240,27;0;240,27;;;;;;;;;;
45;Analista de Titulos Habilitantes;LOEP;51,05,10;SERVIDOR PÚBLICO 4/10;1086;9,804.00;;;0;0;0;;;;;;;;;;
46;Agente Civil de tránsito 2;LOSEP.;51,01,05;SERVIDOR PÚBLICO 1/7;817;10,812.00;;;217,87;0;217,87;;;;;;;;;;
47;Agente Civil de tránsito 3;LOSEP.;51,01,05;SERVIDOR PÚBLICO 2/8;901;9,804.00;;;360,4;0;360,4;;;;;;;;;;
48;Agente Civil de tránsito 2;LOSEP.;51,01,05;SERVIDOR PÚBLICO 1/7;817;9,804.00;;;108,93;0;108,93;;;;;;;;;;
49;Agente Civil de tránsito 2;LOSEP.;51,01,05;SERVIDOR PÚBLICO 1/7;817;10,812.00;;;163,4;0;163,4;;;;;;;;;;
50;Agente Civil de tránsito 3;LOSEP.;51,01,05;SERVIDOR PÚBLICO 2/8;901;11,832.00;;;240,27;0;240,27;;;;;;;;;;
51;Analista de Unidad de Negocio Terminal Terrestre;LOEP;51,05,10;SERVIDOR PÚBLICO 3/9;986;9,804.00;;;0;0;0;;;;;;;;;;
52;Agente Civil de tránsito 2;LOSEP.;51,01,05;SERVIDOR PÚBLICO 1/7;817;10,812.00;;;163,4;0;163,4;;;;;;;;;;
53;Agente Civil de tránsito 3;LOSEP.;51,01,05;SERVIDOR PÚBLICO 2/8;901;9,804.00;;;360,4;0;360,4;;;;;;;;;;
54;Agente Civil de tránsito 2;LOSEP.;51,01,05;SERVIDOR PÚBLICO 1/7;817;9,804.00;;;217,87;0;217,87;;;;;;;;;;
55;Agente Civil de tránsito 2;LOSEP.;51,01,05;SERVIDOR PÚBLICO 1/7;817;9,804.00;;;108,93;0;108,93;;;;;;;;;;
56;Agente Civil de tránsito 2;LOSEP.;51,01,05;SERVIDOR PÚBLICO 1/7;817;8,796.00;;;217,87;0;217,87;;;;;;;;;;
57;Inspector Parqueo Tarifado;Código de trabajo;51,01,06;NIVEL 5;733;10,812.00;;;0;0;0;;;;;;;;;;
58;Agente Civil de tránsito 3;LOSEP.;51,01,05;SERVIDOR PÚBLICO 2/8;901;14,544.00;;;240,27;0;240,27;;;;;;;;;;
59;Analista de Audiovisual;LOEP;51,05,10;SERVIDOR PÚBLICO 5/12;1212;13,032.00;;;0;0;0;;;;;;;;;;
60;Analistas de Soporte Tecnológico;LOEP;51,05,10;SERVIDOR PÚBLICO 4/10;1086;6,324.00;;;144,8;0;144,8;;;;;;;;;;
61;Cajero Recaudador;LOEP;51,05,10;SERVIDOR PUBLICO DE SERVICIOS 1;527;10,812.00;;;17,57;0;17,57;;;;;;;;;;
62;Agente Civil de tránsito 3;LOSEP.;51,01,05;SERVIDOR PÚBLICO 2/8;901;7,464.00;;;120,13;0;120,13;;;;;;;;;;
63;Asistente de Gestión Documental;LOEP;51,05,10;SERVIDOR PÚBLICO DE APOYO 2/4;622;6,324.00;;;0;0;0;;;;;;;;;;
64;Cajero Recaudador;LOEP;51,05,10;SERVIDOR PUBLICO DE SERVICIOS 1;527;10,812.00;;;8,78;0;8,78;;;;;;;;;;
65;Agente Civil de tránsito 3;LOSEP.;51,01,05;SERVIDOR PÚBLICO 2/8;901;9,804.00;;;120,13;0;120,13;;;;;;;;;;
66;Agente Civil de tránsito 2;LOSEP.;51,01,05;SERVIDOR PÚBLICO 1/7;817;9,804.00;;;108,93;0;108,93;;;;;;;;;;
67;Agente Civil de tránsito 2;LOSEP.;51,01,05;SERVIDOR PÚBLICO 1/7;817;8,796.00;;;0;0;0;;;;;;;;;;
68;Digitador;LOEP;51,05,10;SERIDOR PÚBLICO DE APOYO 4/6;733;6,300.00;;;0;0;0;;;;;;;;;;
69;Agente Operativo;Código de trabajo;51,01,06;NIVEL 1;525;6,300.00;;;70;0;70;;;;;;;;;;
70;Supervisor Terminal Terrestre;Código de trabajo;51,01,06;NIVEL 1;525;10,812.00;;;35;0;35;;;;;;;;;;
71;Agente Civil de tránsito 3;LOSEP.;51,01,05;SERVIDOR PÚBLICO 2/8;901;7,020.00;;;240,27;0;240,27;;;;;;;;;;
72;Agente Civil de tránsito 3;LOSEP.;51,01,05;NIVEL 4;585;10,812.00;;;78;0;78;;;;;;;;;;
73;Agente Civil de tránsito 3;LOSEP.;51,01,05;SERVIDOR PÚBLICO 2/8;901;8,796.00;;;240,27;0;240,27;;;;;;;;;;
74;Inspector Parqueo Tarifado;Código de trabajo;51,01,06;NIVEL 5;733;9,804.00;;;0;0;0;;;;;;;;;;
75;Agente Civil de tránsito 2;LOSEP.;51,01,05;SERVIDOR PÚBLICO 1/7;817;6,300.00;;;108,93;0;108,93;;;;;;;;;;
76;Supervisor Terminal Terrestre;Código de trabajo;51,01,06;NIVEL 1;525;10,812.00;;;140;0;140;;;;;;;;;;
77;Agente Civil de tránsito 3;LOSEP.;51,01,05;SERVIDOR PÚBLICO 2/8;901;10,812.00;;;240,27;0;240,27;;;;;;;;;;
78;Agente Civil de tránsito 3;LOSEP.;51,01,05;SERVIDOR PÚBLICO 2/8;901;9,804.00;;;450,5;0;450,5;;;;;;;;;;
79;Agente Civil de tránsito 2;LOSEP.;51,01,05;SERVIDOR PÚBLICO 1/7;817;20,112.00;;;163,4;0;163,4;;;;;;;;;;
80;Médico Ocupacional;LOEP;51,05,10;SERIDOR PÚBLICO 7/13;1676;6,300.00;;;0;0;0;;;;;;;;;;
81;Agente Operativo,,;LOEP;51,01,06;NIVEL 1;525;9,804.00;;;70;0;70;;;;;;;;;;
82;Asistente Técnico de Operaciones;LOEP;51,05,10;SERVIDOR PÚBLICO 1/7;817;10,812.00;;;217,87;0;217,87;;;;;;;;;;
83;Agente Civil de tránsito 3;LOSEP.;51,01,05;SERVIDOR PÚBLICO 2/8;901;6,204.00;;;240,27;0;240,27;;;;;;;;;;
84;Auxiliar de Archivo ct;Código de trabajo;51,01,06;NIVEL 1;517;10,812.00;;;0;0;0;;;;;;;;;;
85;Agente Civil de tránsito 3;LOSEP.;51,01,05;SERVIDOR PÚBLICO 2/8;901;6,300.00;;;240,27;0;240,27;;;;;;;;;;
86;Agente Operativo;LOEP;51,05,10;SERVIDOR PÚBLICO DE SERVICIOS 1/1;525;6300;;;35;0;35;;;;;;;;;;
87;Agente Civil de tránsito 2;LOSEP.;51,01,05;SERIDOR PÚBLICO DE APOYO 4/6;735,3;6,732.00;;;0;0;0;;;;;;;;;;
88;Mensajero;Código de trabajo;51,01,06;NIVEL 5;561;9,804.00;;;0;0;0;;;;;;;;;;
89;Agente Civil de tránsito 2;LOSEP.;51,01,05;SERVIDOR PÚBLICO 1/7;817;6,300.00;;;217,87;0;217,87;;;;;;;;;;
90;Agente Operativo;LOEP;51,05,10;SERVIDOR PÚBLICO DE SERVICIOS 1/1;525;6,324.00;;;70;0;70;;;;;;;;;;
91;Cajero Recaudador;LOEP;51,05,10;SERVIDOR PUBLICO DE SERVICIOS 1;527;7,020.00;;;52,7;0;52,7;;;;;;;;;;
92;Agente Civil de tránsito 1;LOSEP.;51,01,05;SERVIDOR PÚBLICO DE SERVICIOS 1/3;585;10,812.00;;;78;0;78;;;;;;;;;;
93;Agente Civil de tránsito 3;LOSEP.;51,01,05;SERVIDOR PÚBLICO 2/8;901;7,464.00;;;240,27;0;240,27;;;;;;;;;;
94;Asistente Administrativo de Matriculación;LOEP;51,05,10;SERVIDOR PÚBLICO DE APOYO 2/4;622;9,804.00;;;0;0;0;;;;;;;;;;
95;Agente Civil de tránsito 2;LOSEP.;51,01,05;SERVIDOR PÚBLICO 1/7;817;8,796.00;;;217,87;0;217,87;;;;;;;;;;
96;Supervisor de Parqueo Tarifado;Código de trabajo;51,01,06;NIVEL 5;733;10,812.00;;;0;0;0;;;;;;;;;;
97;Agente Civil de tránsito 3;LOSEP.;51,01,05;SERVIDOR PÚBLICO 2/8;901;7,020.00;;;180,2;0;180,2;;;;;;;;;;
98;Agente Civil de tránsito 1;LOSEP.;51,01,05;SERVIDOR PÚBLICO DE SERVICIOS 1/3;585;9,804.00;;;78;0;78;;;;;;;;;;
99;Analista de Planificación;LOEP;51,05,10;SERVIDOR PÚBLICO 1/7;817;10,812.00;;;0;0;0;;;;;;;;;;
100;Agente Civil de tránsito 3;LOSEP.;51,01,05;SERVIDOR PÚBLICO 2/8;901;10,812.00;;;240,27;0;240,27;;;;;;;;;;
101;Analista de Audiovisual;LOEP;51,05,10;SERVIDOR PÚBLICO 2/8;901;9,804.00;;;0;0;0;;;;;;;;;;
102;Analista de Gestión Documental 2;LOEP;51,05,10;SERVIDOR PÚBLICO 1/7;817;7,464.00;;;0;0;0;;;;;;;;;;
103;Digitador;LOEP;51,05,10;SERVIDOR PÚBLICO DE APOYO 2/4;622;9,804.00;;;0;0;0;;;;;;;;;;
104;Asistente Técnico de Mantenimiento;LOEP;51,05,10;SERVIDOR PÚBLICO 1/7;817;9,804.00;;;0;0;0;;;;;;;;;;
105;Agente Civil de tránsito 2;LOSEP.;51,01,05;SERVIDOR PÚBLICO 1/7;817;13,032.00;;;217,87;0;217,87;;;;;;;;;;
106;Analistas de Desarrollo;LOEP;51,05,10;SERVIDOR PÚBLICO 4/10;1086;14,544.00;;;0;0;0;;;;;;;;;;
107;Analista de Patrocinio 2;LOEP;51,05,10;SERVIDOR PÚBLICO DE APOYO 4;363,6;9,804.00;;;0;0;0;;;;;;;;;;
108;Asistente Técnico de Proyectos;LOEP;51,05,10;SERVIDOR PÚBLICO 1/7;817;7,020.00;;;0;0;0;;;;;;;;;;
109;Agente Civil de tránsito 1;LOSEP.;51,01,05;SERVIDOR PÚBLICO DE SERVICIOS 1/3;585;7,464.00;;;78;0;78;;;;;;;;;;
110;Auxiliar de Archivo;LOEP;51,05,10;SERVIDOR PÚBLICO DE APOYO 2/4;622;9,804.00;;;0;0;0;;;;;;;;;;
111;Agente Civil de tránsito 2;LOSEP.;51,01,05;SERVIDOR PÚBLICO 1/7;817;7,464.00;;;108,93;0;108,93;;;;;;;;;;
112;Revisor Vehicular;LOEP;51,05,10;NIVEL 5;622;9,804.00;;;0;0;0;;;;;;;;;;
113;Agente Civil de tránsito 2;LOSEP.;51,01,05;SERVIDOR PÚBLICO 1/7;817;6,324.00;;;217,87;0;217,87;;;;;;;;;;
114;Auxiliar de Gerencia General;LOEP;51,05,10;SERVIDOR PÚBLICO DE SERVICIOS 1/1;527;31,164.00;;;0;0;0;;;;;;;;;;
115;Gerente General (E);LOEP;51,05,10;NJS 3/3;2597;10,812.00;;;0;403;403;;;;;;;;;;
116;Agente Civil de tránsito 3;LOSEP.;51,01,05;SERVIDOR PÚBLICO 2/8;901;10,812.00;;;0;0;0;;;;;;;;;;
117;Agente Civil de tránsito 3;LOSEP.;51,01,05;SERVIDOR PÚBLICO 2/8;901;20,112.00;;;360,4;0;360,4;;;;;;;;;;
118;Especialista de Comunicación Social;LOEP;51,01,06;SERIDOR PÚBLICO 7/13;1676;6,300.00;;;0;0;0;;;;;;;;;;
119;Supervisor Terminal Terrestre;Código de trabajo;51,01,06;NIVEL 1;525;6,324.00;;;140;0;140;;;;;;;;;;
120;Cajero Recaudador;LOEP;51,05,10;SERVIDOR PUBLICO DE SERVICIOS 1;527;10,812.00;;;17,57;0;17,57;;;;;;;;;;
121;Agente Civil de tránsito 1;LOSEP.;51,01,05;SERVIDOR PÚBLICO DE SERVICIOS 1/3;546;10,812.00;;;0;0;0;;;;;;;;;;
122;Agente Civil de tránsito 3;LOSEP.;51,01,05;SERVIDOR PÚBLICO 2/8;901;10812;;;0;0;0;;;;;;;;;;
123;Agente Civil de tránsito 3;LOSEP.;51,01,05;SERVIDOR PÚBLICO 2/8;901;13,032.00;;;240,27;0;240,27;;;;;;;;;;
124;Trabajadora Social 2;LOEP;51,05,10;SERVIDOR PÚBLICO 4/10;1086;6,300.00;;;0;0;0;;;;;;;;;;
125;Agente Operativo;LOEP;51,05,10;SERVIDOR PÚBLICO DE SERVICIOS 1/1;525;10,812.00;;;35;0;35;;;;;;;;;;
126;Agente Civil de tránsito 3;LOSEP.;51,01,05;SERVIDOR PÚBLICO 2/8;901;9,804.00;;;240,27;0;240,27;;;;;;;;;;
127;Agente Civil de tránsito 2;LOSEP.;51,01,05;SERVIDOR PÚBLICO 1/7;817;10,812.00;;;217,87;0;217,87;;;;;;;;;;
128;Agente Civil de tránsito 3;LOSEP.;51,01,05;SERVIDOR PÚBLICO 2/8;901;9,804.00;;;240,27;0;240,27;;;;;;;;;;
129;Agente Civil de tránsito 2;LOSEP.;51,01,05;SERVIDOR PÚBLICO 1/7;817;6,204.00;;;217,87;0;217,87;;;;;;;;;;
130;Auxiliar de Operaciones;Código de trabajo;51,05,10;NIVEL 1;517;6,300.00;;;137,87;0;137,87;;;;;;;;;;
131;Agente Operativo;LOEP;51,05,10;SERVIDOR PÚBLICO DE SERVICIOS 1/1;525;31,164.00;;;0;0;0;;;;;;;;;;
132;Director General de Asesoría Jurídica (E);LOEP;51,05,10;NJS 3/3;346,27;7,020.00;;;0;0;0;;;;;;;;;;
133;Agente Civil de tránsito 3;LOSEP.;51,01,05;SERVIDOR PÚBLICO DE SERVICIOS 1/3;585;9,804.00;;;78;0;78;;;;;;;;;;
134;Agente Civil de tránsito 2;LOSEP.;51,01,05;SERVIDOR PÚBLICO 1/7;817;9,804.00;;;217,87;0;217,87;;;;;;;;;;
135;Agente Civil de tránsito 2;LOSEP.;51,01,05;SERVIDOR PÚBLICO 1/7;817;7,464.00;;;217,87;0;217,87;;;;;;;;;;
136;Digitador;LOEP;51,05,10;SERVIDOR PÚBLICO DE APOYO 2/4;622;7,464.00;;;0;0;0;;;;;;;;;;
137;Asistente Financiero;LOEP;51,05,10;SERVIDOR PÚBLICO DE APOYO 2/4;622;9,804.00;;;0;0;0;;;;;;;;;;
138;Agente Civil de tránsito 2;LOSEP.;51,01,05;SERVIDOR PÚBLICO 1/7;817;9,804.00;;;217,87;0;217,87;;;;;;;;;;
139;Agente Civil de tránsito 2;LOSEP.;51,01,05;SERVIDOR PÚBLICO 1/7;817;9,804.00;;;217,87;0;217,87;;;;;;;;;;
140;Agente Civil de tránsito 1;LOSEP.;51,01,05;SERVIDOR PÚBLICO DE SERVICIOS 1/3;546;7,020.00;;;0;0;0;;;;;;;;;;
141;Agente Civil de tránsito 2;LOSEP.;51,01,05;SERVIDOR PÚBLICO 1/7;817;9804;;;0;0;0;;;;;;;;;;
142;Agente Civil de tránsito 3;LOSEP.;51,01,05;SERVIDOR PÚBLICO DE SERVICIOS 1/3;585;9,804.00;;;78;0;78;;;;;;;;;;
143;Supervisor de Fiscalización;LOEP;51,05,10;SERVIDOR PÚBLICO 1/7;817;6,300.00;;;0;0;0;;;;;;;;;;
144;Agente Operativo;LOEP;51,05,10;SERVIDOR PÚBLICO DE SERVICIOS 1/1;525;7,020.00;;;35;0;35;;;;;;;;;;
145;Agente Civil de tránsito 1;LOSEP.;51,01,05;NIVEL 1;585;6,000.00;;;78;0;78;;;;;;;;;;
146;Técnico de Mantenimiento CT;Código de trabajo;51,01,06;NIVEL 1;500;8,796.00;;;109,38;0;109,38;;;;;;;;;;
147;Digitador;LOEP;51,05,10;SERIDOR PÚBLICO DE APOYO 4/6;733;6,324.00;;;0;0;0;;;;;;;;;;
148;Cajero Recaudador;LOEP;51,05,10;SERVIDOR PUBLICO DE SERVICIOS 1;527;20,112.00;;;52,7;0;52,7;;;;;;;;;;
149;Coordinador de Despacho;LOEP;51,05,10;SERIDOR PÚBLICO 7/13;1676;9,804.00;;;0;0;0;;;;;;;;;;
150;Agente Civil de tránsito 2;LOSEP.;51,01,05;SERVIDOR PÚBLICO 1/7;817;25,380.00;;;108,93;0;108,93;;;;;;;;;;
151;Director de Ingenieria de Tránsito;LOEP;51,05,10;NJS1/1;2115;9,804.00;;;0;0;0;;;;;;;;;;
152;Agente Civil de tránsito 2;LOSEP.;51,01,05;SERVIDOR PÚBLICO 1/7;817;13,032.00;;;163,4;0;163,4;;;;;;;;;;
153;Analista de Operaciones;LOEP;51,05,10;SERVIDOR PÚBLICO 4/10;1086;9,804.00;;;289,6;0;289,6;;;;;;;;;;
154;Agente Civil de tránsito 2;LOSEP.;51,01,05;SERVIDOR PÚBLICO 1/7;817;10,812.00;;;108,93;0;108,93;;;;;;;;;;
155;Agente Civil de tránsito 3;LOSEP.;51,01,05;SERVIDOR PÚBLICO 2/8;901;10,812.00;;;240,27;0;240,27;;;;;;;;;;
156;Agente Civil de tránsito 3;LOSEP.;51,01,05;SERVIDOR PÚBLICO 2/8;901;9,804.00;;;120,13;0;120,13;;;;;;;;;;
157;Agente Civil de tránsito 2;LOSEP.;51,01,05;SERVIDOR PÚBLICO 1/7;817;10,812.00;;;217,87;0;217,87;;;;;;;;;;
158;Agente Civil de tránsito 3;LOSEP.;51,01,05;SERVIDOR PÚBLICO 2/8;901;6,300.00;;;240,27;0;240,27;;;;;;;;;;
159;Agente Operativo;LOEP;51,05,10;SERVIDOR PÚBLICO DE SERVICIOS 1/1;525;10,812.00;;;35;0;35;;;;;;;;;;
160;Agente Civil de tránsito 3;LOSEP.;51,01,05;SERVIDOR PÚBLICO 2/8;901;10,812.00;;;240,27;0;240,27;;;;;;;;;;
161;Agente Civil de tránsito 2;LOSEP.;51,01,05;SERVIDOR PÚBLICO 2/8;901;10,812.00;;;240,27;0;240,27;;;;;;;;;;
162;Analista de Talento Humano 1;LOEP;51,05,10;SERVIDOR PÚBLICO 2/8;901;10,812.00;;;0;0;0;;;;;;;;;;
163;Especialista de Transporte Público y Terminal Terrestre €;LOSEP.;51,01,05;SERVIDOR PÚBLICO 2/8;901;6,300.00;;;0;775;775;;;;;;;;;;
164;Agente Operativo;LOEP;51,05,10;SERVIDOR PÚBLICO DE SERVICIOS 1/1;525;9,804.00;;;105;0;105;;;;;;;;;;
165;Analista de Gestión Documental 2;LOEP;51,05,10;SERVIDOR PÚBLICO 1/7;817;9,804.00;;;0;0;0;;;;;;;;;;
166;Agente Civil de tránsito 2;LOSEP.;51,01,05;SERVIDOR PÚBLICO 1/7;817;10,812.00;;;108,93;0;108,93;;;;;;;;;;
167;Agente Civil de tránsito 3;LOSEP.;51,01,05;SERVIDOR PÚBLICO 2/8;901;20,112.00;;;240,27;0;240,27;;;;;;;;;;
168;Especialista de Tecnología;LOEP;51,05,10;SERIDOR PÚBLICO 7/13;1676;9,804.00;;;0;0;0;;;;;;;;;;
169;Agente Civil de tránsito 2;LOSEP.;51,01,05;SERVIDOR PÚBLICO 1/7;817;8,100.00;;;108,93;0;108,93;;;;;;;;;;
170;Digitador;LOEP;51,05,10;SERIDOR PÚBLICO DE APOYO 3/5;675;20,112.00;;;0;0;0;;;;;;;;;;
171;Especialista de Patrocinio;LOEP;51,05,10;SERIDOR PÚBLICO 7/13;1676;6,300.00;;;0;0;0;;;;;;;;;;
172;Agente Operativo;LOEP;51,05,10;SERVIDOR PÚBLICO DE SERVICIOS 1/1;525;10,812.00;;;35;0;35;;;;;;;;;;
173;Agente Civil de tránsito 3;LOSEP.;51,01,05;SERVIDOR PÚBLICO 2/8;901;9,804.00;;;240,27;0;240,27;;;;;;;;;;
174;Agente Civil de tránsito 2;LOSEP.;51,01,05;SERVIDOR PÚBLICO 1/7;817;6,900.00;;;108,93;0;108,93;;;;;;;;;;
175;Secretaria de Apoyo;LOEP;51,05,10;SERIDOR PÚBLICO DE APOYO 3/5;575;9,804.00;;;0;0;0;;;;;;;;;;
176;Agente Civil de tránsito 2;LOSEP.;51,01,05;SERVIDOR PÚBLICO 1/7;817;10,812.00;;;0;0;0;;;;;;;;;;
177;Agente Civil de tránsito 3;LOSEP.;51,01,05;SERVIDOR PÚBLICO 2/8;901;14,544.00;;;240,27;0;240,27;;;;;;;;;;
178;Administrador de Fotoradares;LOEP;51,05,10;SERVIDOR PÚBLICO 5/12;1212;10,812.00;;;0;0;0;;;;;;;;;;
179;Agente Civil de tránsito 3;LOSEP.;51,01,05;SERVIDOR PÚBLICO 2/8;901;9,804.00;;;240,27;0;240,27;;;;;;;;;;
180;Agente Civil de tránsito 2;LOSEP.;51,01,05;SERVIDOR PÚBLICO 1/7;817;20,112.00;;;108,93;0;108,93;;;;;;;;;;
181;Especialista de Planificación (E);LOEP;51,05,10;SERIDOR PÚBLICO 7/13;1676;9,804.00;;;0;439;439;;;;;;;;;;
182;Agente Civil de tránsito 2;LOSEP.;51,01,05;SERVIDOR PÚBLICO 1/7;817;9,804.00;;;217,87;0;217,87;;;;;;;;;;
183;Asistente Técnico de Matriculación;LOEP;51,01,06;SERVIDOR PÚBLICO 1/7;817;10,812.00;;;0;0;0;;;;;;;;;;
184;Supervisor General de Procesos Operativos;Código de trabajo;51,01,06;NIVEL 9;901;10,812.00;;;563,13;0;563,13;;;;;;;;;;
185;Agente Civil de tránsito 3;LOSEP.;51,01,05;SERVIDOR PÚBLICO 2/8;901;9,804.00;;;240,27;0;240,27;;;;;;;;;;
186;Agente Civil de tránsito 2;LOSEP.;51,01,05;SERVIDOR PÚBLICO 1/7;817;10,812.00;;;108,93;0;108,93;;;;;;;;;;
187;Agente Civil de tránsito 3;LOSEP.;51,01,05;SERVIDOR PÚBLICO 2/8;901;7,020.00;;;120,13;0;120,13;;;;;;;;;;
188;Agente Civil de tránsito 3;LOSEP.;51,01,05;SERVIDOR PÚBLICO DE SERVICIOS 1/3;585;10,812.00;;;78;0;78;;;;;;;;;;
189;Agente Civil de tránsito 3;LOSEP.;51,01,05;SERVIDOR PÚBLICO 2/8;901;10,812.00;;;300,33;0;300,33;;;;;;;;;;
190;Agente Civil de tránsito 3;LOSEP.;51,01,05;SERVIDOR PÚBLICO 2/8;901;9,804.00;;;240,27;0;240,27;;;;;;;;;;
191;Agente Civil de tránsito 2;LOSEP.;51,01,05;SERVIDOR PÚBLICO 1/7;817;10,812.00;;;217,87;0;217,87;;;;;;;;;;
192;Agente Civil de tránsito 3;LOSEP.;51,01,05;SERVIDOR PÚBLICO 2/8;901;9,804.00;;;240,27;0;240,27;;;;;;;;;;
193;Agente Civil de tránsito 2;LOSEP.;51,01,05;SERVIDOR PÚBLICO 1/7;817;7,464.00;;;108,93;0;108,93;;;;;;;;;;
194;Asistente Técnico de Ingeniería;LOEP;51,05,10;SERVIDOR PÚBLICO DE APOYO 2/4;622;10,812.00;;;0;0;0;;;;;;;;;;
195;Agente Civil de tránsito 3;LOSEP.;51,01,05;SERVIDOR PÚBLICO 2/8;901;6,636.00;;;240,27;0;240,27;;;;;;;;;;
196;Agente Operativo;LOEP;51,05,10;SERVIDOR PÚBLICO DE APOYO 1;490;10,812.00;;;0;0;0;;;;;;;;;;
197;Auxiliar Administrativo;LOEP;51,05,10;SERIDOR PÚBLICO DE APOYO1/3;553;6,300.00;;;0;0;0;;;;;;;;;;
198;Agente Civil de tránsito 3;LOSEP.;51,01,05;SERVIDOR PÚBLICO 2/8;901;16,944.00;;;240,27;0;240,27;;;;;;;;;;
199;Operador de Monitoreo;Código de trabajo;51,01,06;NIVEL 1;525;8,796.00;;;140;0;140;;;;;;;;;;
200;Analista Técnico de Mantenimiento;LOEP;51,05,10;SERIDOR PÚBLICO 6/112;1412;10,812.00;;;0;0;0;;;;;;;;;;
201;Asistente de Transporte público y terminal terrestre;Código de trabajo;51,01,06;NIVEL 5;733;10,812.00;;;0;0;0;;;;;;;;;;
202;Agente Civil de tránsito 3;LOSEP.;51,01,05;SERVIDOR PÚBLICO 2/8;901;9,804.00;;;240,27;0;240,27;;;;;;;;;;
203;Agente Civil de tránsito 3;LOSEP.;51,01,05;SERVIDOR PÚBLICO 2/8;901;9,804.00;;;120,13;0;120,13;;;;;;;;;;
204;Agente Civil de tránsito 2;LOSEP.;51,01,05;SERVIDOR PÚBLICO 1/7;817;11,832.00;;;217,87;0;217,87;;;;;;;;;;
205;Agente Civil de tránsito 2;LOSEP.;51,01,05;SERVIDOR PÚBLICO 1/7;817;20,112.00;;;0;0;0;;;;;;;;;;
206;Analista de Talento Humano;LOEP;51,05,10;SERVIDOR PÚBLICO 3/9;986;6,300.00;;;0;0;0;;;;;;;;;;
207;Director General Administrativo y TTHH (E);LOEP;51,05,10;SERIDOR PÚBLICO 7/13;1676;9,804.00;;;0;921;921;;;;;;;;;;
208;Supervisor Terminal Terrestre;Código de trabajo;51,01,06;NIVEL 1;525;13,032.00;;;35;0;35;;;;;;;;;;
209;Agente Civil de tránsito 2;LOSEP.;51,01,05;SERVIDOR PÚBLICO 1/7;817;10,812.00;;;217,87;0;217,87;;;;;;;;;;
210;Analista de Comercialización y Mercadeo;LOEP;51,05,10;SERVIDOR PÚBLICO 4/10;1086;9,804.00;;;0;0;0;;;;;;;;;;
211;Agente Civil de tránsito 3;LOSEP.;51,01,05;SERVIDOR PÚBLICO 2/8;901;9,804.00;;;240,27;0;240,27;;;;;;;;;;
212;Agente Civil de tránsito 2;LOSEP.;51,01,05;SERVIDOR PÚBLICO 1/7;817;6,300.00;;;108,93;0;108,93;;;;;;;;;;
213;Agente Civil de tránsito 2;LOSEP.;51,01,05;SERVIDOR PÚBLICO 1/7;817;9,804.00;;;108,93;0;108,93;;;;;;;;;;
214;Digitador CT;Código de trabajo;51,01,06;NIVEL 1;525;10,812.00;;;0;0;0;;;;;;;;;;
215;Agente Civil de tránsito 3;LOSEP.;51,01,05;SERVIDOR PÚBLICO 1/7;817;9,804.00;;;217,87;0;217,87;;;;;;;;;;
216;Agente Civil de tránsito 3;LOSEP.;51,01,05;SERVIDOR PÚBLICO 2/8;901;10,812.00;;;360,4;0;360,4;;;;;;;;;;
217;Agente Civil de tránsito 2;LOSEP.;51,01,05;SERVIDOR PÚBLICO 1/7;817;9,804.00;;;108,93;0;108,93;;;;;;;;;;
218;Jefe de Tránsito (E);LOEP;51,05,10;SERVIDOR PÚBLICO 2/8;901;10,812.00;;;0;1133;1133;;;;;;;;;;
219;Asistente de Procesos Operativos y Citaciones;LOEP;51,05,10;SERVIDOR PÚBLICO 1/7;817;9,804.00;;;0;0;0;;;;;;;;;;
220;Agente Civil de tránsito 3;LOSEP.;51,01,05;SERVIDOR PÚBLICO 2/8;901;9,804.00;;;240,27;0;240,27;;;;;;;;;;
221;Agente Civil de tránsito 2;LOSEP.;51,01,05;SERVIDOR PÚBLICO 1/7;817;8,796.00;;;108,93;0;108,93;;;;;;;;;;
222;Agente Civil de tránsito 2;LOSEP.;51,01,05;SERVIDOR PÚBLICO 1/7;817;9,804.00;;;217,87;0;217,87;;;;;;;;;;
223;Técnico de Mantenimiento;LOEP ;51,05,10;SERIDOR PÚBLICO DE APOYO 4/6;733;9,276.00;;;0;0;0;;;;;;;;;;
224;Agente Civil de tránsito 2;LOSEP.;51,01,05;SERVIDOR PÚBLICO 1/7;817;8,796.00;;;108,93;0;108,93;;;;;;;;;;
225;Inspectora de Servicios Municipales;Código de trabajo;51,01,06;NIVEL 6;773;9,804.00;;;0;0;0;;;;;;;;;;
226;Asistente Técnico de Titulos Habilitantes;LOEP;51,05,10;SERIDOR PÚBLICO DE APOYO 4/6;733;6,300.00;;;0;0;0;;;;;;;;;;
227;Agente Civil de tránsito 2;LOSEP.;51,01,05;SERVIDOR PÚBLICO 1/7;817;6,300.00;;;217,87;0;217,87;;;;;;;;;;
228;Agente Operativo;LOEP;51,05,10;SERVIDOR PÚBLICO DE SERVICIOS 1/1;525;9,804.00;;;35;0;35;;;;;;;;;;
229;Asistente de Citaciones 1;Código de trabajo;51,01,06;NIVEL 1;525;13,032.00;;;0;0;0;;;;;;;;;;
230;Agente Civil de tránsito 2;LOSEP.;51,01,05;SERVIDOR PÚBLICO 1/7;817;10,812.00;;;217,87;0;217,87;;;;;;;;;;
231;Analistas de Desarrollo;LOEP;51,05,10;SERVIDOR PÚBLICO 4/10;1086;6,300.00;;;144,8;0;144,8;;;;;;;;;;
232;Agente Civil de tránsito 3;LOSEP.;51,01,05;SERVIDOR PÚBLICO 2/8;901;7,464.00;;;240,27;0;240,27;;;;;;;;;;
233;Agente Operativo;LOEP;51,05,10;SERVIDOR PÚBLICO DE SERVICIOS 1/1;525;10,812.00;;;0;0;0;;;;;;;;;;
234;Asistente Administrativo de Garita;LOEP;51,05,10;SERVIDOR PÚBLICO DE APOYO 2/4;622;9,804.00;;;0;0;0;;;;;;;;;;
235;Agente Civil de tránsito 3;LOSEP.;51,01,05;SERVIDOR PÚBLICO 2/8;901;10,812.00;;;180,2;0;180,2;;;;;;;;;;
236;Agente Civil de tránsito 2;LOSEP.;51,01,05;SERVIDOR PÚBLICO 1/7;817;7,464.00;;;108,93;0;108,93;;;;;;;;;;
237;Agente Civil de tránsito 3;LOSEP.;51,01,05;SERVIDOR PÚBLICO 2/8;901;9,804.00;;;240,27;0;240,27;;;;;;;;;;
238;Revisor Vehicular;LOEP;51,01,06;SERVIDOR PÚBLICO DE APOYO 2/4;622;8,796.00;;;0;0;0;;;;;;;;;;
239;Agente Civil de tránsito 2;LOSEP.;51,01,05;SERVIDOR PÚBLICO 1/7;817;10,812.00;;;163,4;0;163,4;;;;;;;;;;
240;Inspector Parqueo Tarifado;Código de trabajo;51,01,06;NIVEL 5;733;20,112.00;;;0;0;0;;;;;;;;;;
241;Agente Civil de tránsito 3;LOSEP.;51,01,05;SERVIDOR PÚBLICO 2/8;901;10,812.00;;;240,27;0;240,27;;;;;;;;;;
242;Especialista de Seguridad y Salud Ocupacional;LOEP;51,05,10;SERIDOR PÚBLICO 7/13;1676;8,796.00;;;0;0;0;;;;;;;;;;
243;Agente Civil de tránsito 3;LOSEP.;51,01,05;SERVIDOR PÚBLICO 2/8;901;9,804.00;;;240,27;0;240,27;;;;;;;;;;
244;Asistente de Transporte público y terminal terrestre;LOEP;51,05,10;SERIDOR PÚBLICO DE APOYO 4/6;733;9,804.00;;;195,47;0;195,47;;;;;;;;;;
245;Agente Civil de tránsito 2;LOSEP.;51,01,05;SERVIDOR PÚBLICO 1/7;817;10,812.00;;;0;0;0;;;;;;;;;;
246;Agente Civil de tránsito 2;LOSEP.;51,01,05;SERVIDOR PÚBLICO 1/7;817;10,812.00;;;108,93;0;108,93;;;;;;;;;;
247;Agente Civil de tránsito 3;LOSEP.;51,01,05;SERVIDOR PÚBLICO 2/8;901;10,812.00;;;240,27;0;240,27;;;;;;;;;;
248;Agente Civil de tránsito 3;LOSEP.;51,01,05;SERVIDOR PÚBLICO 2/8;901;10,812.00;;;240,27;0;240,27;;;;;;;;;;
249;Agente Civil de tránsito 3;LOSEP.;51,01,05;SERVIDOR PÚBLICO 2/8;901;8,100.00;;;240,27;0;240,27;;;;;;;;;;
250;Agente Civil de tránsito 3;LOSEP.;51,01,05;SERVIDOR PÚBLICO 2/8;901;10,812.00;;;240,27;0;240,27;;;;;;;;;;
251;Revisor Vehícular;Código de trabajo;51,01,06;NIVEL 5;675;9,804.00;;;0;0;0;;;;;;;;;;
252;Agente Civil de tránsito 3;LOSEP.;51,01,05;SERVIDOR PÚBLICO 2/8;901;10,812.00;;;240,27;0;240,27;;;;;;;;;;
253;Agente Civil de tránsito 2;LOSEP.;51,01,05;SERVIDOR PÚBLICO 1/7;817;10,812.00;;;108,93;0;108,93;;;;;;;;;;
254;Agente Civil de tránsito 3;LOSEP.;51,01,05;SERVIDOR PÚBLICO 2/8;901;9,804.00;;;120,13;0;120,13;;;;;;;;;;
255;Agente Civil de tránsito 3;LOSEP.;51,01,05;SERVIDOR PÚBLICO 2/8;901;6,300.00;;;0;0;0;;;;;;;;;;
256;Agente Civil de tránsito 2;LOSEP.;51,01,05;SERVIDOR PÚBLICO 1/7;817;10,812.00;;;163,4;0;163,4;;;;;;;;;;
257;Agente Operativo;LOEP;51,05,10;SERVIDOR PÚBLICO DE SERVICIOS 1/1;525;9,804.00;;;35;0;35;;;;;;;;;;
258;Agente Civil de tránsito 3;LOSEP.;51,01,05;SERVIDOR PÚBLICO 2/8;901;10,812.00;;;240,27;0;240,27;;;;;;;;;;
259;Agente Civil de tránsito 2;LOSEP.;51,01,05;SERVIDOR PÚBLICO 1/7;817;20,112.00;;;217,87;0;217,87;;;;;;;;;;
260;Agente Civil de tránsito 3;LOSEP.;51,01,05;SERVIDOR PÚBLICO 2/8;901;31,164.00;;;360,4;0;360,4;;;;;;;;;;
261;Especialista Administrativa;LOEP;51,05,10;SERIDOR PÚBLICO 7/13;1676;9,804.00;;;0;0;0;;;;;;;;;;
262;Director General Financiero;LOEP;51,05,10;NJS 3/3;2597;11,832.00;;;0;0;0;;;;;;;;;;
263;Agente Civil de tránsito 2;LOSEP.;51,01,05;SERVIDOR PÚBLICO 1/7;817;9,804.00;;;108,93;0;108,93;;;;;;;;;;
264;Administrador de la Terminal Terrestre € ;LOEP;51,05,10;SERVIDOR PÚBLICO 3/9;986;6,300.00;;;0;1611;1611;;;;;;;;;;
265;Agente Civil de tránsito 2;LOSEP.;51,01,05;SERVIDOR PÚBLICO 1/7;817;7,020.00;;;217,87;0;217,87;;;;;;;;;;
266;Agente Operativo;LOEP;51,05,10;SERVIDOR PÚBLICO DE SERVICIOS 1/1;525;9,804.00;;;35;0;35;;;;;;;;;;
267;Agente Civil de tránsito 1;LOSEP.;51,01,05;SERVIDOR PÚBLICO DE SERVICIOS 1/3;585;10,812.00;;;78;0;78;;;;;;;;;;
268;Agente Civil de tránsito 2;LOSEP.;51,01,05;SERVIDOR PÚBLICO 1/7;817;10,812.00;;;217,87;0;217,87;;;;;;;;;;
269;Agente Civil de tránsito 3;LOSEP.;51,01,05;SERVIDOR PÚBLICO 2/8;901;10,812.00;;;240,27;0;240,27;;;;;;;;;;
270;Agente Civil de tránsito 3;LOSEP.;51,01,05;SERVIDOR PÚBLICO 2/8;901;8,796.00;;;240,27;0;240,27;;;;;;;;;;
271;Agente Civil de tránsito 3;LOSEP.;51,01,05;SERVIDOR PÚBLICO 2/8;901;10,812.00;;;240,27;0;240,27;;;;;;;;;;
272;Asistente de Redacción;LOEP;51,05,10;SERIDOR PÚBLICO DE APOYO 4/6;733;7,020.00;;;0;0;0;;;;;;;;;;
273;Agente Civil de tránsito 3;LOSEP.;51,01,05;SERVIDOR PÚBLICO 2/8;901;9,804.00;;;360,4;0;360,4;;;;;;;;;;
274;Agente Civil de tránsito 3;LOSEP.;51,01,05;SERVIDOR PÚBLICO DE SERVICIOS 1/3;585;10,812.00;;;78;0;78;;;;;;;;;;
275;Agente Civil de tránsito 2;LOSEP.;51,01,05;SERVIDOR PÚBLICO 1/7;817;10,812.00;;;0;0;0;;;;;;;;;;
276;Agente Civil de tránsito 3;LOSEP.;51,01,05;SERVIDOR PÚBLICO 2/8;901;13,032.00;;;240,27;0;240,27;;;;;;;;;;
277;Agente Civil de tránsito 3;LOSEP.;51,01,05;SERVIDOR PÚBLICO 2/8;901;6,636.00;;;180,2;0;180,2;;;;;;;;;;
278;Analista de Patrocinio 1;LOEP;51,05,10;SERVIDOR PÚBLICO 4/10;1086;14,544.00;;;0;0;0;;;;;;;;;;
279;Revisor Vehicular;LOEP;51,01,06;SERIDOR PÚBLICO DE APOYO 1/3;553;7,464.00;;;0;0;0;;;;;;;;;;
280;Analista de Patrocinio 2;LOEP;51,05,10;SERVIDOR PÚBLICO 5/12;1212;9,804.00;;;0;0;0;;;;;;;;;;
281;Conductor de Gerencia;LOEP;51,05,10;SERVIDOR PÚBLICO DE APOYO 2/4;622;10,812.00;;;103,67;0;103,67;;;;;;;;;;
282;Agente Civil de tránsito 2;LOSEP.;51,01,05;SERVIDOR PÚBLICO 1/7;817;13,032.00;;;217,87;0;217,87;;;;;;;;;;
283;Agente Civil de tránsito 3;LOSEP.;51,01,05;SERVIDOR PÚBLICO 2/8;901;9,804.00;;;240,27;0;240,27;;;;;;;;;;
284;Analista de Control Disciplinario;LOEP;51,05,10;SERVIDOR PÚBLICO 4/10;1086;6,324.00;;;0;0;0;;;;;;;;;;
285;Asistente de Tesorería;LOEP;51,05,10;SERVIDOR PÚBLICO 1/7;817;10,812.00;;;76,59;0;76,59;;;;;;;;;;
286;Cajero Recaudador;LOEP;51,05,10;SERVIDOR PUBLICO DE SERVICIOS 1;527;10,812.00;;;52,7;0;52,7;;;;;;;;;;
287;Agente Civil de tránsito 3;LOSEP.;51,01,05;SERVIDOR PÚBLICO 2/8;901;10,812.00;;;240,27;0;240,27;;;;;;;;;;
288;Agente Civil de tránsito 3;LOSEP.;51,01,05;SERVIDOR PÚBLICO 2/8;901;9,804.00;;;120,13;0;120,13;;;;;;;;;;
289;Agente Civil de tránsito 3;LOSEP.;51,01,05;SERVIDOR PÚBLICO 2/8;901;7,464.00;;;0;0;0;;;;;;;;;;
290;Asistente de Compras Públicas;LOEP;51,05,10;SERVIDOR PÚBLICO 1/7;817;7,020.00;;;0;0;0;;;;;;;;;;
291;Distribuidor de Tarjetas;Código de trabajo;51,01,06;NIVEL 5;622;9,804.00;;;0;0;0;;;;;;;;;;
292;Agente Civil de tránsito 1;LOSEP.;51,01,05;SERVIDOR PÚBLICO DE SERVICIOS 1/3;585;9,804.00;;;78;0;78;;;;;;;;;;
293;Agente Civil de tránsito 2;LOSEP.;51,01,05;SERVIDOR PÚBLICO 1/7;817;8,796.00;;;108,93;0;108,93;;;;;;;;;;
294;Agente Civil de tránsito 2;LOSEP.;51,01,05;SERVIDOR PÚBLICO 1/7;817;9,804.00;;;108,93;0;108,93;;;;;;;;;;
295;Inspector Parqueo Tarifado;Código de trabajo;51,01,06;NIVEL 5;733;6,300.00;;;0;0;0;;;;;;;;;;
296;Agente Civil de tránsito 2;LOSEP.;51,01,05;SERVIDOR PÚBLICO 1/7;817;6,936.00;;;108,93;0;108,93;;;;;;;;;;
297;Operador de Monitoreo;Código de trabajo;51,01,06;NIVEL 1;525;6,300.00;;;140;0;140;;;;;;;;;;
298;Auxiliar de Operaciones;Código de trabajo;51,01,06;NIVEL 2;578;9,804.00;;;154,13;0;154,13;;;;;;;;;;
299;Agente Operativo;LOEP;51,05,10;SERVIDOR PÚBLICO DE SERVICIOS 1/1;525;10,812.00;;;70;0;70;;;;;;;;;;
300;Agente Civil de tránsito 2;LOSEP.;51,01,05;SERVIDOR PÚBLICO 1/7;817;16,944.00;;;108,93;0;108,93;;;;;;;;;;
301;Agente Civil de tránsito 3;LOSEP.;51,01,05;SERVIDOR PÚBLICO 2/8;901;9,804.00;;;240,27;0;240,27;;;;;;;;;;
302;Analista de Nómina;LOEP;51,05,10;SERIDOR PÚBLICO 6/112;1412;7,464.00;;;0;0;0;;;;;;;;;;
303;Agente Civil de tránsito 2;LOSEP.;51,01,05;SERVIDOR PÚBLICO 1/7;817;9,912.00;;;54,47;0;54,47;;;;;;;;;;
304;Agente Operativo,,;Código de trabajo;51,05,10;NIVEL 5;622;9,804.00;;;0;0;0;;;;;;;;;;
305;Asistente Técnico de Seguridad Vial;Código de trabajo;51,01,06;NIVEL 8;826;9,804.00;;;0;0;0;;;;;;;;;;
306;Agente Civil de tránsito 2;LOSEP.;51,01,05;SERVIDOR PÚBLICO 1/7;817;7,020.00;;;108,93;0;108,93;;;;;;;;;;
307;Agente Civil de tránsito 2;LOSEP.;51,01,05;SERVIDOR PÚBLICO 1/7;817;9,804.00;;;217,87;0;217,87;;;;;;;;;;
308;Agente Civil de tránsito 1;LOSEP.;51,01,05;SERVIDOR PÚBLICO DE SERVICIOS 1/3;585;8,796.00;;;78;0;78;;;;;;;;;;
309;Agente Civil de tránsito 2;LOSEP.;51,01,05;SERVIDOR PÚBLICO 1/7;817;9,804.00;;;108,93;0;108,93;;;;;;;;;;
310;Analista de Gestión Documental 1;LOEP;51,05,10;SERIDOR PÚBLICO DE APOYO 4/6;733;9,804.00;;;0;0;0;;;;;;;;;;
311;Agente Civil de tránsito 2;LOSEP.;51,01,05;SERVIDOR PÚBLICO 1/7;817;10,812.00;;;108,93;0;108,93;;;;;;;;;;
312;Diseñador Gráfico;LOEP;51,05,10;SERVIDOR PÚBLICO 1/7;817;7,368.00;;;0;0;0;;;;;;;;;;
313;Agente Civil de tránsito 3;LOSEP.;51,01,05;SERVIDOR PÚBLICO 2/8;901;9,804.00;;;180,2;0;180,2;;;;;;;;;;
314;Codificador de Señalética;Código de trabajo;51,01,06;NIVEL 4;614;9,804.00;;;163,73;0;163,73;;;;;;;;;;
315;Agente Civil de tránsito 2;LOSEP.;51,01,05;SERVIDOR PÚBLICO 1/7;817;10,812.00;;;217,87;0;217,87;;;;;;;;;;
316;Agente Civil de tránsito 2;LOSEP.;51,01,05;SERVIDOR PÚBLICO 1/7;817;8,796.00;;;217,87;0;217,87;;;;;;;;;;
317;Agente Civil de tránsito 3;LOSEP.;51,01,05;SERVIDOR PÚBLICO 2/8;901;6,372.00;;;0;0;0;;;;;;;;;;
318;Inspector de Parqueo Tarifado;Código de trabajo;51,01,06;NIVEL 5;733;8,796.00;;;0;0;0;;;;;;;;;;
319;Conductor de Operaciones;Código de trabajo;51,01,06;NIVEL 1;531;9,804.00;;;141,6;0;141,6;;;;;;;;;;
320;Asistente Técnico de Ingeniería;LOEP;51,05,10;SERIDOR PÚBLICO DE APOYO 4/6;733;9,804.00;;;0;0;0;;;;;;;;;;
321;Asistente de Procesos Operativos y Citaciones;LOEP;51,05,10;SERVIDOR PÚBLICO 1/7;817;10,812.00;;;0;0;0;;;;;;;;;;
322;Agente Civil de tránsito 2;LOSEP.;51,01,05;SERVIDOR PÚBLICO 1/7;817;6,324.00;;;108,93;0;108,93;;;;;;;;;;
323;Agente Civil de tránsito 3;LOSEP.;51,01,05;SERVIDOR PÚBLICO 2/8;901;9,804.00;;;240,27;0;240,27;;;;;;;;;;
324;Cajero Recaudador;LOEP;51,05,10;SERVIDOR PUBLICO DE SERVICIOS 1;527;7,020.00;;;35,13;0;35,13;;;;;;;;;;
325;Agente Civil de tránsito 2;LOSEP.;51,01,05;SERVIDOR PÚBLICO 1/7;817;10,812.00;;;0;0;0;;;;;;;;;;
326;Agente Civil de tránsito 1;LOSEP.;51,01,05;SERVIDOR PÚBLICO DE SERVICIOS 1/3;585;6,300.00;;;78;0;78;;;;;;;;;;
327;Agente Civil de tránsito 3;LOSEP.;51,01,05;SERVIDOR PÚBLICO 2/8;901;25,380.00;;;240,27;0;240,27;;;;;;;;;;
328;Agente Operativo;LOEP;51,05,10;SERVIDOR PÚBLICO DE SERVICIOS 1/1;525;10,812.00;;;70;0;70;;;;;;;;;;
329;Director de Control Operativo;LOEP;51,05,10;NJS1/1;2115;6,300.00;;;0;0;0;;;;;;;;;;
330;Agente Civil de tránsito 3;LOSEP.;51,01,05;SERVIDOR PÚBLICO 2/8;901;9,804.00;;;0;0;0;;;;;;;;;;
331;Agente Operativo;Código de trabajo;51,01,06;NIVEL 1;525;5,520.00;;;35;0;35;;;;;;;;;;
332;Agente Civil de tránsito 2;LOSEP.;51,01,05;SERVIDOR PÚBLICO 1/7;817;9,804.00;;;108,93;0;108,93;;;;;;;;;;
333;Auxiliar de Operaciones;Código de trabajo;51,05,10;NIVEL 1;460;9,804.00;;;0;0;0;;;;;;;;;;
334;Agente Civil de tránsito 2;LOSEP.;51,01,05;SERVIDOR PÚBLICO 1/7;817;9,804.00;;;0;0;0;;;;;;;;;;
335;Agente Civil de tránsito 2;LOSEP.;51,01,05;SERVIDOR PÚBLICO 1/7;817;13,032.00;;;0;0;0;;;;;;;;;;
336;Agente Civil de tránsito 2;LOSEP.;51,01,05;SERVIDOR PÚBLICO 1/7;817;9,804.00;;;0;0;0;;;;;;;;;;
337;Analista de Titulos Habilitantes;LOEP;51,05,10;SERVIDOR PÚBLICO 4/10;1086;9,276.00;;;0;0;0;;;;;;;;;;
338;Agente Civil de tránsito 2;LOSEP.;51,01,05;SERVIDOR PÚBLICO 1/7;817;10,812.00;;;108,93;0;108,93;;;;;;;;;;
339;Supervisor Parqueo Tarifado;Código de trabajo;51,01,06;NIVEL 6;773;9,804.00;;;0;0;0;;;;;;;;;;
340;Agente Civil de tránsito 3;LOSEP.;51,01,05;SERVIDOR PÚBLICO 2/8;901;6,300.00;;;240,27;0;240,27;;;;;;;;;;
341;Agente Civil de tránsito 2;LOSEP.;51,01,05;SERVIDOR PÚBLICO 1/7;817;13,032.00;;;217,87;0;217,87;;;;;;;;;;
342;Agente Operativo;LOEP;51,05,10;SERVIDOR PÚBLICO DE SERVICIOS 1/1;525;6,000.00;;;70;0;70;;;;;;;;;;
343;Analistas de Soporte Tecnológico;LOEP;51,05,10;SERVIDOR PÚBLICO 4/10;1086;9,804.00;;;0;0;0;;;;;;;;;;
344;Técnico de Mantenimiento CT;Código de trabajo;51,01,06;NIVEL 1;500;9,804.00;;;109,38;0;109,38;;;;;;;;;;
345;Agente Civil de tránsito 2;LOSEP.;51,01,05;SERVIDOR PÚBLICO 1/7;817;10,812.00;;;217,87;0;217,87;;;;;;;;;;
346;Agente Civil de tránsito 2;LOSEP.;51,01,05;SERVIDOR PÚBLICO 1/7;817;20,112.00;;;108,93;0;108,93;;;;;;;;;;
347;Agente Civil de tránsito 3;LOSEP.;51,01,05;SERVIDOR PÚBLICO 2/8;901;10812;;;240,27;0;240,27;;;;;;;;;;
348;Especialista de Comercialización y Mercadeo;LOEP;51,05,10;SERIDOR PÚBLICO 7/13;1676;20112;;;0;0;0;;;;;;;;;;
;;;;;;;;;;;;;;;;;;;;;
;;;;;;;;;;;;;;;;;;;;;
;;;;;;;;;;;;;;;;;;;;;
;;;;;;;;;;;;;;;;;;;;;
;;;;;;;;;;;;;;;;;;;;;
;;;;;;;;;;;;;;;;;;;;;
;;;;;;;;;;;;;;;;;;;;;
;;;;;;;;;;;;;;;;;;;;;
;;;;;;;;;;;;;;;;;;;;;
;;;;;;;;;;;;;;;;;;;;;
;;;;;;;;;;;;;;;;;;;;;
;;;;;;;;;;;;;;;;;;;;;
;;;;;;;;;;;;;;;;;;;;;
;;;;;;;;;;;;;;;;;;;;;
;;;;;;;;;;;;;;;;;;;;;
;;;;;;;;;;;;;;;;;;;;;
;;;;;;;;;;;;;;;;;;;;;
;;;;;;;;;;;;;;;;;;;;;
;;;;;;;;;;;;;;;;;;;;;
;;;;;;;;;;;;;;;;;;;;;
;;;;;;;;;;;;;;;;;;;;;
;;;;;;;;;;;;;;;;;;;;;
;;;;;;;;;;;;;;;;;;;;;
;;;;;;;;;;;;;;;;;;;;;
;;;;;;;;;;;;;;;;;;;;;
;;;;;;;;;;;;;;;;;;;;;
;;;;;;;;;;;;;;;;;;;;;
;;;;;;;;;;;;;;;;;;;;;
;;;;;;;;;;;;;;;;;;;;;
;;;;;;;;;;;;;;;;;;;;;
;;;;;;;;;;;;;;;;;;;;;
;;;;;;;;;;;;;;;;;;;;;
;;;;;;;;;;;;;;;;;;;;;
;;;;;;;;;;;;;;;;;;;;;
;;;;;;;;;;;;;;;;;;;;;
;;;;;;;;;;;;;;;;;;;;;
;;;;;;;;;;;;;;;;;;;;;
;;;;;;;;;;;;;;;;;;;;;
;;;;;;;;;;;;;;;;;;;;;
;;;;;;;;;;;;;;;;;;;;;
;;;;;;;;;;;;;;;;;;;;;
;;;;;;;;;;;;;;;;;;;;;
;;;;;;;;;;;;;;;;;;;;;
;;;;;;;;;;;;;;;;;;;;;
;;;;;;;;;;;;;;;;;;;;;
;;;;;;;;;;;;;;;;;;;;;
;;;;;;;;;;;;;;;;;;;;;
;;;;;;;;;;;;;;;;;;;;;
;;;;;;;;;;;;;;;;;;;;;
;;;;;;;;;;;;;;;;;;;;;
;;;;;;;;;;;;;;;;;;;;;
;;;;;;;;;;;;;;;;;;;;;
;;;;;;;;;;;;;;;;;;;;;
;;;;;;;;;;;;;;;;;;;;;
;;;;;;;;;;;;;;;;;;;;;
;;;;;;;;;;;;;;;;;;;;;
;;;;;;;;;;;;;;;;;;;;;
;;;;;;;;;;;;;;;;;;;;;
;;;;;;;;;;;;;;;;;;;;;
;;;;;;;;;;;;;;;;;;;;;
;;;;;;;;;;;;;;;;;;;;;
;;;;;;;;;;;;;;;;;;;;;
;;;;;;;;;;;;;;;;;;;;;
;;;;;;;;;;;;;;;;;;;;;
;;;;;;;;;;;;;;;;;;;;;
;;;;;;;;;;;;;;;;;;;;;
;;;;;;;;;;;;;;;;;;;;;
;;;;;;;;;;;;;;;;;;;;;
;;;;;;;;;;;;;;;;;;;;;
;;;;;;;;;;;;;;;;;;;;;
;;;;;;;;;;;;;;;;;;;;;
;;;;;;;;;;;;;;;;;;;;;
;;;;;;;;;;;;;;;;;;;;;
;;;;;;;;;;;;;;;;;;;;;
;;;;;;;;;;;;;;;;;;;;;
;;;;;;;;;;;;;;;;;;;;;
;;;;;;;;;;;;;;;;;;;;;
;;;;;;;;;;;;;;;;;;;;;
;;;;;;;;;;;;;;;;;;;;;
;;;;;;;;;;;;;;;;;;;;;
;;;;;;;;;;;;;;;;;;;;;
;;;;;;;;;;;;;;;;;;;;;
;;;;;;;;;;;;;;;;;;;;;
;;;;;;;;;;;;;;;;;;;;;
;;;;;;;;;;;;;;;;;;;;;
;;;;;;;;;;;;;;;;;;;;;
;;;;;;;;;;;;;;;;;;;;;
;;;;;;;;;;;;;;;;;;;;;
;;;;;;;;;;;;;;;;;;;;;
;;;;;;;;;;;;;;;;;;;;;
;;;;;;;;;;;;;;;;;;;;;
;;;;;;;;;;;;;;;;;;;;;
;;;;;;;;;;;;;;;;;;;;;
;;;;;;;;;;;;;;;;;;;;;
;;;;;;;;;;;;;;;;;;;;;
;;;;;;;;;;;;;;;;;;;;;
;;;;;;;;;;;;;;;;;;;;;
;;;;;;;;;;;;;;;;;;;;;
;;;;;;;;;;;;;;;;;;;;;
;;;;;;;;;;;;;;;;;;;;;
;;;;;;;;;;;;;;;;;;;;;
;;;;;;;;;;;;;;;;;;;;;
;;;;;;;;;;;;;;;;;;;;;
;;;;;;;;;;;;;;;;;;;;;
;;;;;;;;;;;;;;;;;;;;;
;;;;;;;;;;;;;;;;;;;;;
;;;;;;;;;;;;;;;;;;;;;
;;;;;;;;;;;;;;;;;;;;;
;;;;;;;;;;;;;;;;;;;;;
;;;;;;;;;;;;;;;;;;;;;
;;;;;;;;;;;;;;;;;;;;;
;;;;;;;;;;;;;;;;;;;;;
;;;;;;;;;;;;;;;;;;;;;
;;;;;;;;;;;;;;;;;;;;;
;;;;;;;;;;;;;;;;;;;;;
;;;;;;;;;;;;;;;;;;;;;
;;;;;;;;;;;;;;;;;;;;;
;;;;;;;;;;;;;;;;;;;;;
;;;;;;;;;;;;;;;;;;;;;
;;;;;;;;;;;;;;;;;;;;;
;;;;;;;;;;;;;;;;;;;;;
;;;;;;;;;;;;;;;;;;;;;
;;;;;;;;;;;;;;;;;;;;;
;;;;;;;;;;;;;;;;;;;;;
;;;;;;;;;;;;;;;;;;;;;
;;;;;;;;;;;;;;;;;;;;;
;;;;;;;;;;;;;;;;;;;;;
;;;;;;;;;;;;;;;;;;;;;
;;;;;;;;;;;;;;;;;;;;;
;;;;;;;;;;;;;;;;;;;;;
;;;;;;;;;;;;;;;;;;;;;
;;;;;;;;;;;;;;;;;;;;;
;;;;;;;;;;;;;;;;;;;;;
;;;;;;;;;;;;;;;;;;;;;
;;;;;;;;;;;;;;;;;;;;;
;;;;;;;;;;;;;;;;;;;;;
;;;;;;;;;;;;;;;;;;;;;
;;;;;;;;;;;;;;;;;;;;;
;;;;;;;;;;;;;;;;;;;;;
;;;;;;;;;;;;;;;;;;;;;
;;;;;;;;;;;;;;;;;;;;;
;;;;;;;;;;;;;;;;;;;;;
;;;;;;;;;;;;;;;;;;;;;
;;;;;;;;;;;;;;;;;;;;;
;;;;;;;;;;;;;;;;;;;;;
;;;;;;;;;;;;;;;;;;;;;
;;;;;;;;;;;;;;;;;;;;;
;;;;;;;;;;;;;;;;;;;;;
;;;;;;;;;;;;;;;;;;;;;
;;;;;;;;;;;;;;;;;;;;;
;;;;;;;;;;;;;;;;;;;;;
;;;;;;;;;;;;;;;;;;;;;
;;;;;;;;;;;;;;;;;;;;;
;;;;;;;;;;;;;;;;;;;;;
;;;;;;;;;;;;;;;;;;;;;
;;;;;;;;;;;;;;;;;;;;;
;;;;;;;;;;;;;;;;;;;;;
;;;;;;;;;;;;;;;;;;;;;
;;;;;;;;;;;;;;;;;;;;;
;;;;;;;;;;;;;;;;;;;;;
;;;;;;;;;;;;;;;;;;;;;
;;;;;;;;;;;;;;;;;;;;;
;;;;;;;;;;;;;;;;;;;;;
;;;;;;;;;;;;;;;;;;;;;
;;;;;;;;;;;;;;;;;;;;;
;;;;;;;;;;;;;;;;;;;;;
;;;;;;;;;;;;;;;;;;;;;
;;;;;;;;;;;;;;;;;;;;;
;;;;;;;;;;;;;;;;;;;;;
;;;;;;;;;;;;;;;;;;;;;
;;;;;;;;;;;;;;;;;;;;;
;;;;;;;;;;;;;;;;;;;;;
;;;;;;;;;;;;;;;;;;;;;
;;;;;;;;;;;;;;;;;;;;;
;;;;;;;;;;;;;;;;;;;;;
;;;;;;;;;;;;;;;;;;;;;
;;;;;;;;;;;;;;;;;;;;;
;;;;;;;;;;;;;;;;;;;;;
;;;;;;;;;;;;;;;;;;;;;
;;;;;;;;;;;;;;;;;;;;;
;;;;;;;;;;;;;;;;;;;;;
;;;;;;;;;;;;;;;;;;;;;
;;;;;;;;;;;;;;;;;;;;;
;;;;;;;;;;;;;;;;;;;;;
;;;;;;;;;;;;;;;;;;;;;
;;;;;;;;;;;;;;;;;;;;;
;;;;;;;;;;;;;;;;;;;;;
;;;;;;;;;;;;;;;;;;;;;
;;;;;;;;;;;;;;;;;;;;;
;;;;;;;;;;;;;;;;;;;;;
;;;;;;;;;;;;;;;;;;;;;
;;;;;;;;;;;;;;;;;;;;;
;;;;;;;;;;;;;;;;;;;;;
;;;;;;;;;;;;;;;;;;;;;
;;;;;;;;;;;;;;;;;;;;;
;;;;;;;;;;;;;;;;;;;;;
;;;;;;;;;;;;;;;;;;;;;
;;;;;;;;;;;;;;;;;;;;;
;;;;;;;;;;;;;;;;;;;;;
;;;;;;;;;;;;;;;;;;;;;
;;;;;;;;;;;;;;;;;;;;;
;;;;;;;;;;;;;;;;;;;;;
;;;;;;;;;;;;;;;;;;;;;
;;;;;;;;;;;;;;;;;;;;;
;;;;;;;;;;;;;;;;;;;;;
;;;;;;;;;;;;;;;;;;;;;
;;;;;;;;;;;;;;;;;;;;;
;;;;;;;;;;;;;;;;;;;;;
;;;;;;;;;;;;;;;;;;;;;
;;;;;;;;;;;;;;;;;;;;;
;;;;;;;;;;;;;;;;;;;;;
;;;;;;;;;;;;;;;;;;;;;
;;;;;;;;;;;;;;;;;;;;;
;;;;;;;;;;;;;;;;;;;;;
;;;;;;;;;;;;;;;;;;;;;
;;;;;;;;;;;;;;;;;;;;;
;;;;;;;;;;;;;;;;;;;;;
;;;;;;;;;;;;;;;;;;;;;
;;;;;;;;;;;;;;;;;;;;;
;;;;;;;;;;;;;;;;;;;;;
;;;;;;;;;;;;;;;;;;;;;
;;;;;;;;;;;;;;;;;;;;;
;;;;;;;;;;;;;;;;;;;;;
;;;;;;;;;;;;;;;;;;;;;
;;;;;;;;;;;;;;;;;;;;;
;;;;;;;;;;;;;;;;;;;;;
;;;;;;;;;;;;;;;;;;;;;
;;;;;;;;;;;;;;;;;;;;;
;;;;;;;;;;;;;;;;;;;;;
;;;;;;;;;;;;;;;;;;;;;
;;;;;;;;;;;;;;;;;;;;;
;;;;;;;;;;;;;;;;;;;;;
;;;;;;;;;;;;;;;;;;;;;
;;;;;;;;;;;;;;;;;;;;;
;;;;;;;;;;;;;;;;;;;;;
;;;;;;;;;;;;;;;;;;;;;
;;;;;;;;;;;;;;;;;;;;;
;;;;;;;;;;;;;;;;;;;;;
;;;;;;;;;;;;;;;;;;;;;
;;;;;;;;;;;;;;;;;;;;;
;;;;;;;;;;;;;;;;;;;;;
;;;;;;;;;;;;;;;;;;;;;
;;;;;;;;;;;;;;;;;;;;;
;;;;;;;;;;;;;;;;;;;;;
;;;;;;;;;;;;;;;;;;;;;
;;;;;;;;;;;;;;;;;;;;;
;;;;;;;;;;;;;;;;;;;;;
;;;;;;;;;;;;;;;;;;;;;
;;;;;;;;;;;;;;;;;;;;;
;;;;;;;;;;;;;;;;;;;;;
;;;;;;;;;;;;;;;;;;;;;
;;;;;;;;;;;;;;;;;;;;;
;;;;;;;;;;;;;;;;;;;;;
;;;;;;;;;;;;;;;;;;;;;
;;;;;;;;;;;;;;;;;;;;;
;;;;;;;;;;;;;;;;;;;;;
;;;;;;;;;;;;;;;;;;;;;
;;;;;;;;;;;;;;;;;;;;;
;;;;;;;;;;;;;;;;;;;;;
;;;;;;;;;;;;;;;;;;;;;
;;;;;;;;;;;;;;;;;;;;;
;;;;;;;;;;;;;;;;;;;;;
;;;;;;;;;;;;;;;;;;;;;
;;;;;;;;;;;;;;;;;;;;;
;;;;;;;;;;;;;;;;;;;;;
;;;;;;;;;;;;;;;;;;;;;
;;;;;;;;;;;;;;;;;;;;;
;;;;;;;;;;;;;;;;;;;;;
;;;;;;;;;;;;;;;;;;;;;
;;;;;;;;;;;;;;;;;;;;;
;;;;;;;;;;;;;;;;;;;;;
;;;;;;;;;;;;;;;;;;;;;
;;;;;;;;;;;;;;;;;;;;;
;;;;;;;;;;;;;;;;;;;;;
;;;;;;;;;;;;;;;;;;;;;
;;;;;;;;;;;;;;;;;;;;;
;;;;;;;;;;;;;;;;;;;;;
;;;;;;;;;;;;;;;;;;;;;
;;;;;;;;;;;;;;;;;;;;;
;;;;;;;;;;;;;;;;;;;;;
;;;;;;;;;;;;;;;;;;;;;
;;;;;;;;;;;;;;;;;;;;;
;;;;;;;;;;;;;;;;;;;;;
;;;;;;;;;;;;;;;;;;;;;
;;;;;;;;;;;;;;;;;;;;;
;;;;;;;;;;;;;;;;;;;;;
;;;;;;;;;;;;;;;;;;;;;
;;;;;;;;;;;;;;;;;;;;;
;;;;;;;;;;;;;;;;;;;;;
;;;;;;;;;;;;;;;;;;;;;
;;;;;;;;;;;;;;;;;;;;;
;;;;;;;;;;;;;;;;;;;;;
;;;;;;;;;;;;;;;;;;;;;
;;;;;;;;;;;;;;;;;;;;;
;;;;;;;;;;;;;;;;;;;;;
;;;;;;;;;;;;;;;;;;;;;
;;;;;;;;;;;;;;;;;;;;;
;;;;;;;;;;;;;;;;;;;;;
;;;;;;;;;;;;;;;;;;;;;
;;;;;;;;;;;;;;;;;;;;;
;;;;;;;;;;;;;;;;;;;;;
;;;;;;;;;;;;;;;;;;;;;
;;;;;;;;;;;;;;;;;;;;;
;;;;;;;;;;;;;;;;;;;;;
;;;;;;;;;;;;;;;;;;;;;
;;;;;;;;;;;;;;;;;;;;;
;;;;;;;;;;;;;;;;;;;;;
;;;;;;;;;;;;;;;;;;;;;
;;;;;;;;;;;;;;;;;;;;;
;;;;;;;;;;;;;;;;;;;;;
;;;;;;;;;;;;;;;;;;;;;
;;;;;;;;;;;;;;;;;;;;;
;;;;;;;;;;;;;;;;;;;;;
;;;;;;;;;;;;;;;;;;;;;
;;;;;;;;;;;;;;;;;;;;;
;;;;;;;;;;;;;;;;;;;;;
;;;;;;;;;;;;;;;;;;;;;
;;;;;;;;;;;;;;;;;;;;;
;;;;;;;;;;;;;;;;;;;;;
;;;;;;;;;;;;;;;;;;;;;
;;;;;;;;;;;;;;;;;;;;;
;;;;;;;;;;;;;;;;;;;;;
;;;;;;;;;;;;;;;;;;;;;
;;;;;;;;;;;;;;;;;;;;;
;;;;;;;;;;;;;;;;;;;;;
;;;;;;;;;;;;;;;;;;;;;
;;;;;;;;;;;;;;;;;;;;;
;;;;;;;;;;;;;;;;;;;;;
;;;;;;;;;;;;;;;;;;;;;
;;;;;;;;;;;;;;;;;;;;;
;;;;;;;;;;;;;;;;;;;;;
;;;;;;;;;;;;;;;;;;;;;
;;;;;;;;;;;;;;;;;;;;;
;;;;;;;;;;;;;;;;;;;;;
;;;;;;;;;;;;;;;;;;;;;
;;;;;;;;;;;;;;;;;;;;;
;;;;;;;;;;;;;;;;;;;;;
;;;;;;;;;;;;;;;;;;;;;
;;;;;;;;;;;;;;;;;;;;;
;;;;;;;;;;;;;;;;;;;;;
;;;;;;;;;;;;;;;;;;;;;
;;;;;;;;;;;;;;;;;;;;;
;;;;;;;;;;;;;;;;;;;;;
;;;;;;;;;;;;;;;;;;;;;
;;;;;;;;;;;;;;;;;;;;;
;;;;;;;;;;;;;;;;;;;;;
;;;;;;;;;;;;;;;;;;;;;
;;;;;;;;;;;;;;;;;;;;;
;;;;;;;;;;;;;;;;;;;;;
;;;;;;;;;;;;;;;;;;;;;
;;;;;;;;;;;;;;;;;;;;;
;;;;;;;;;;;;;;;;;;;;;
;;;;;;;;;;;;;;;;;;;;;
;;;;;;;;;;;;;;;;;;;;;
;;;;;;;;;;;;;;;;;;;;;
;;;;;;;;;;;;;;;;;;;;;
;;;;;;;;;;;;;;;;;;;;;
;;;;;;;;;;;;;;;;;;;;;
;;;;;;;;;;;;;;;;;;;;;
;;;;;;;;;;;;;;;;;;;;;
;;;;;;;;;;;;;;;;;;;;;
;;;;;;;;;;;;;;;;;;;;;
;;;;;;;;;;;;;;;;;;;;;
;;;;;;;;;;;;;;;;;;;;;
;;;;;;;;;;;;;;;;;;;;;
;;;;;;;;;;;;;;;;;;;;;
;;;;;;;;;;;;;;;;;;;;;
;;;;;;;;;;;;;;;;;;;;;
;;;;;;;;;;;;;;;;;;;;;
;;;;;;;;;;;;;;;;;;;;;
;;;;;;;;;;;;;;;;;;;;;
;;;;;;;;;;;;;;;;;;;;;
;;;;;;;;;;;;;;;;;;;;;
;;;;;;;;;;;;;;;;;;;;;
;;;;;;;;;;;;;;;;;;;;;
;;;;;;;;;;;;;;;;;;;;;
;;;;;;;;;;;;;;;;;;;;;
;;;;;;;;;;;;;;;;;;;;;
;;;;;;;;;;;;;;;;;;;;;
;;;;;;;;;;;;;;;;;;;;;
;;;;;;;;;;;;;;;;;;;;;
;;;;;;;;;;;;;;;;;;;;;
;;;;;;;;;;;;;;;;;;;;;
;;;;;;;;;;;;;;;;;;;;;
;;;;;;;;;;;;;;;;;;;;;
;;;;;;;;;;;;;;;;;;;;;
;;;;;;;;;;;;;;;;;;;;;
;;;;;;;;;;;;;;;;;;;;;
;;;;;;;;;;;;;;;;;;;;;
;;;;;;;;;;;;;;;;;;;;;
;;;;;;;;;;;;;;;;;;;;;
;;;;;;;;;;;;;;;;;;;;;
;;;;;;;;;;;;;;;;;;;;;
;;;;;;;;;;;;;;;;;;;;;
;;;;;;;;;;;;;;;;;;;;;
;;;;;;;;;;;;;;;;;;;;;
;;;;;;;;;;;;;;;;;;;;;
;;;;;;;;;;;;;;;;;;;;;
;;;;;;;;;;;;;;;;;;;;;
;;;;;;;;;;;;;;;;;;;;;
;;;;;;;;;;;;;;;;;;;;;
;;;;;;;;;;;;;;;;;;;;;
;;;;;;;;;;;;;;;;;;;;;
;;;;;;;;;;;;;;;;;;;;;
;;;;;;;;;;;;;;;;;;;;;
;;;;;;;;;;;;;;;;;;;;;
;;;;;;;;;;;;;;;;;;;;;
;;;;;;;;;;;;;;;;;;;;;
;;;;;;;;;;;;;;;;;;;;;
;;;;;;;;;;;;;;;;;;;;;
;;;;;;;;;;;;;;;;;;;;;
;;;;;;;;;;;;;;;;;;;;;
;;;;;;;;;;;;;;;;;;;;;
;;;;;;;;;;;;;;;;;;;;;
;;;;;;;;;;;;;;;;;;;;;
;;;;;;;;;;;;;;;;;;;;;
;;;;;;;;;;;;;;;;;;;;;
;;;;;;;;;;;;;;;;;;;;;
;;;;;;;;;;;;;;;;;;;;;
;;;;;;;;;;;;;;;;;;;;;
;;;;;;;;;;;;;;;;;;;;;
;;;;;;;;;;;;;;;;;;;;;
;;;;;;;;;;;;;;;;;;;;;
;;;;;;;;;;;;;;;;;;;;;
;;;;;;;;;;;;;;;;;;;;;
;;;;;;;;;;;;;;;;;;;;;
;;;;;;;;;;;;;;;;;;;;;
;;;;;;;;;;;;;;;;;;;;;
;;;;;;;;;;;;;;;;;;;;;
;;;;;;;;;;;;;;;;;;;;;
;;;;;;;;;;;;;;;;;;;;;
;;;;;;;;;;;;;;;;;;;;;
;;;;;;;;;;;;;;;;;;;;;
;;;;;;;;;;;;;;;;;;;;;
;;;;;;;;;;;;;;;;;;;;;
;;;;;;;;;;;;;;;;;;;;;
;;;;;;;;;;;;;;;;;;;;;
;;;;;;;;;;;;;;;;;;;;;
;;;;;;;;;;;;;;;;;;;;;
;;;;;;;;;;;;;;;;;;;;;
;;;;;;;;;;;;;;;;;;;;;
;;;;;;;;;;;;;;;;;;;;;
;;;;;;;;;;;;;;;;;;;;;
;;;;;;;;;;;;;;;;;;;;;
;;;;;;;;;;;;;;;;;;;;;
;;;;;;;;;;;;;;;;;;;;;
;;;;;;;;;;;;;;;;;;;;;
;;;;;;;;;;;;;;;;;;;;;
;;;;;;;;;;;;;;;;;;;;;
;;;;;;;;;;;;;;;;;;;;;
;;;;;;;;;;;;;;;;;;;;;
;;;;;;;;;;;;;;;;;;;;;
;;;;;;;;;;;;;;;;;;;;;
;;;;;;;;;;;;;;;;;;;;;
;;;;;;;;;;;;;;;;;;;;;
;;;;;;;;;;;;;;;;;;;;;
;;;;;;;;;;;;;;;;;;;;;
;;;;;;;;;;;;;;;;;;;;;
;;;;;;;;;;;;;;;;;;;;;
;;;;;;;;;;;;;;;;;;;;;
;;;;;;;;;;;;;;;;;;;;;
;;;;;;;;;;;;;;;;;;;;;
;;;;;;;;;;;;;;;;;;;;;
;;;;;;;;;;;;;;;;;;;;;
;;;;;;;;;;;;;;;;;;;;;
;;;;;;;;;;;;;;;;;;;;;
;;;;;;;;;;;;;;;;;;;;;
;;;;;;;;;;;;;;;;;;;;;
;;;;;;;;;;;;;;;;;;;;;
;;;;;;;;;;;;;;;;;;;;;
;;;;;;;;;;;;;;;;;;;;;
;;;;;;;;;;;;;;;;;;;;;
;;;;;;;;;;;;;;;;;;;;;
;;;;;;;;;;;;;;;;;;;;;
;;;;;;;;;;;;;;;;;;;;;
;;;;;;;;;;;;;;;;;;;;;
;;;;;;;;;;;;;;;;;;;;;
;;;;;;;;;;;;;;;;;;;;;
;;;;;;;;;;;;;;;;;;;;;
;;;;;;;;;;;;;;;;;;;;;
;;;;;;;;;;;;;;;;;;;;;
;;;;;;;;;;;;;;;;;;;;;
;;;;;;;;;;;;;;;;;;;;;
;;;;;;;;;;;;;;;;;;;;;
;;;;;;;;;;;;;;;;;;;;;
;;;;;;;;;;;;;;;;;;;;;
;;;;;;;;;;;;;;;;;;;;;
;;;;;;;;;;;;;;;;;;;;;
;;;;;;;;;;;;;;;;;;;;;
;;;;;;;;;;;;;;;;;;;;;
;;;;;;;;;;;;;;;;;;;;;
;;;;;;;;;;;;;;;;;;;;;
;;;;;;;;;;;;;;;;;;;;;
;;;;;;;;;;;;;;;;;;;;;
;;;;;;;;;;;;;;;;;;;;;
;;;;;;;;;;;;;;;;;;;;;
;;;;;;;;;;;;;;;;;;;;;
;;;;;;;;;;;;;;;;;;;;;
;;;;;;;;;;;;;;;;;;;;;
;;;;;;;;;;;;;;;;;;;;;
;;;;;;;;;;;;;;;;;;;;;
;;;;;;;;;;;;;;;;;;;;;
;;;;;;;;;;;;;;;;;;;;;
;;;;;;;;;;;;;;;;;;;;;
;;;;;;;;;;;;;;;;;;;;;
;;;;;;;;;;;;;;;;;;;;;
;;;;;;;;;;;;;;;;;;;;;
;;;;;;;;;;;;;;;;;;;;;
;;;;;;;;;;;;;;;;;;;;;
;;;;;;;;;;;;;;;;;;;;;
;;;;;;;;;;;;;;;;;;;;;
;;;;;;;;;;;;;;;;;;;;;
;;;;;;;;;;;;;;;;;;;;;
;;;;;;;;;;;;;;;;;;;;;
;;;;;;;;;;;;;;;;;;;;;
;;;;;;;;;;;;;;;;;;;;;
;;;;;;;;;;;;;;;;;;;;;
;;;;;;;;;;;;;;;;;;;;;
;;;;;;;;;;;;;;;;;;;;;
;;;;;;;;;;;;;;;;;;;;;
;;;;;;;;;;;;;;;;;;;;;
;;;;;;;;;;;;;;;;;;;;;
;;;;;;;;;;;;;;;;;;;;;
;;;;;;;;;;;;;;;;;;;;;
;;;;;;;;;;;;;;;;;;;;;
;;;;;;;;;;;;;;;;;;;;;
;;;;;;;;;;;;;;;;;;;;;
;;;;;;;;;;;;;;;;;;;;;
;;;;;;;;;;;;;;;;;;;;;
;;;;;;;;;;;;;;;;;;;;;
;;;;;;;;;;;;;;;;;;;;;
;;;;;;;;;;;;;;;;;;;;;
;;;;;;;;;;;;;;;;;;;;;
;;;;;;;;;;;;;;;;;;;;;
;;;;;;;;;;;;;;;;;;;;;
;;;;;;;;;;;;;;;;;;;;;
;;;;;;;;;;;;;;;;;;;;;
;;;;;;;;;;;;;;;;;;;;;
;;;;;;;;;;;;;;;;;;;;;
;;;;;;;;;;;;;;;;;;;;;
;;;;;;;;;;;;;;;;;;;;;
;;;;;;;;;;;;;;;;;;;;;
;;;;;;;;;;;;;;;;;;;;;
;;;;;;;;;;;;;;;;;;;;;
;;;;;;;;;;;;;;;;;;;;;
;;;;;;;;;;;;;;;;;;;;;
;;;;;;;;;;;;;;;;;;;;;
;;;;;;;;;;;;;;;;;;;;;
;;;;;;;;;;;;;;;;;;;;;
;;;;;;;;;;;;;;;;;;;;;
;;;;;;;;;;;;;;;;;;;;;
;;;;;;;;;;;;;;;;;;;;;
;;;;;;;;;;;;;;;;;;;;;
;;;;;;;;;;;;;;;;;;;;;
;;;;;;;;;;;;;;;;;;;;;
;;;;;;;;;;;;;;;;;;;;;
;;;;;;;;;;;;;;;;;;;;;
;;;;;;;;;;;;;;;;;;;;;
;;;;;;;;;;;;;;;;;;;;;
;;;;;;;;;;;;;;;;;;;;;
;;;;;;;;;;;;;;;;;;;;;
;;;;;;;;;;;;;;;;;;;;;
;;;;;;;;;;;;;;;;;;;;;
;;;;;;;;;;;;;;;;;;;;;
;;;;;;;;;;;;;;;;;;;;;
;;;;;;;;;;;;;;;;;;;;;
;;;;;;;;;;;;;;;;;;;;;
;;;;;;;;;;;;;;;;;;;;;
;;;;;;;;;;;;;;;;;;;;;
;;;;;;;;;;;;;;;;;;;;;
;;;;;;;;;;;;;;;;;;;;;
;;;;;;;;;;;;;;;;;;;;;
;;;;;;;;;;;;;;;;;;;;;
;;;;;;;;;;;;;;;;;;;;;
;;;;;;;;;;;;;;;;;;;;;
;;;;;;;;;;;;;;;;;;;;;
;;;;;;;;;;;;;;;;;;;;;
;;;;;;;;;;;;;;;;;;;;;
;;;;;;;;;;;;;;;;;;;;;
;;;;;;;;;;;;;;;;;;;;;
;;;;;;;;;;;;;;;;;;;;;
;;;;;;;;;;;;;;;;;;;;;
;;;;;;;;;;;;;;;;;;;;;
;;;;;;;;;;;;;;;;;;;;;
;;;;;;;;;;;;;;;;;;;;;
;;;;;;;;;;;;;;;;;;;;;
;;;;;;;;;;;;;;;;;;;;;
;;;;;;;;;;;;;;;;;;;;;
;;;;;;;;;;;;;;;;;;;;;
;;;;;;;;;;;;;;;;;;;;;
;;;;;;;;;;;;;;;;;;;;;
;;;;;;;;;;;;;;;;;;;;;
;;;;;;;;;;;;;;;;;;;;;
;;;;;;;;;;;;;;;;;;;;;
;;;;;;;;;;;;;;;;;;;;;
;;;;;;;;;;;;;;;;;;;;;
;;;;;;;;;;;;;;;;;;;;;
;;;;;;;;;;;;;;;;;;;;;
;;;;;;;;;;;;;;;;;;;;;
;;;;;;;;;;;;;;;;;;;;;
;;;;;;;;;;;;;;;;;;;;;
;;;;;;;;;;;;;;;;;;;;;
;;;;;;;;;;;;;;;;;;;;;
;;;;;;;;;;;;;;;;;;;;;
;;;;;;;;;;;;;;;;;;;;;
;;;;;;;;;;;;;;;;;;;;;
;;;;;;;;;;;;;;;;;;;;;
;;;;;;;;;;;;;;;;;;;;;
;;;;;;;;;;;;;;;;;;;;;
;;;;;;;;;;;;;;;;;;;;;
;;;;;;;;;;;;;;;;;;;;;
;;;;;;;;;;;;;;;;;;;;;
;;;;;;;;;;;;;;;;;;;;;
;;;;;;;;;;;;;;;;;;;;;
;;;;;;;;;;;;;;;;;;;;;
;;;;;;;;;;;;;;;;;;;;;
;;;;;;;;;;;;;;;;;;;;;
;;;;;;;;;;;;;;;;;;;;;
;;;;;;;;;;;;;;;;;;;;;
;;;;;;;;;;;;;;;;;;;;;
;;;;;;;;;;;;;;;;;;;;;
;;;;;;;;;;;;;;;;;;;;;
;;;;;;;;;;;;;;;;;;;;;
;;;;;;;;;;;;;;;;;;;;;
;;;;;;;;;;;;;;;;;;;;;
;;;;;;;;;;;;;;;;;;;;;
;;;;;;;;;;;;;;;;;;;;;
;;;;;;;;;;;;;;;;;;;;;
;;;;;;;;;;;;;;;;;;;;;
;;;;;;;;;;;;;;;;;;;;;
;;;;;;;;;;;;;;;;;;;;;
;;;;;;;;;;;;;;;;;;;;;
;;;;;;;;;;;;;;;;;;;;;
;;;;;;;;;;;;;;;;;;;;;
;;;;;;;;;;;;;;;;;;;;;
;;;;;;;;;;;;;;;;;;;;;
;;;;;;;;;;;;;;;;;;;;;
;;;;;;;;;;;;;;;;;;;;;
;;;;;;;;;;;;;;;;;;;;;
;;;;;;;;;;;;;;;;;;;;;
;;;;;;;;;;;;;;;;;;;;;
;;;;;;;;;;;;;;;;;;;;;
;;;;;;;;;;;;;;;;;;;;;
;;;;;;;;;;;;;;;;;;;;;
;;;;;;;;;;;;;;;;;;;;;
;;;;;;;;;;;;;;;;;;;;;
;;;;;;;;;;;;;;;;;;;;;
;;;;;;;;;;;;;;;;;;;;;
